name,framework,backend,batch_size,dtype,num_prompt_tokens,num_generated_tokens,prompt_tps,prompt_tps_std,prompt_time_sec,prompt_time_sec_std,generation_tps,generation_tps_std,generation_time_sec,generation_time_sec_std,peak_memory_gib,peak_memory_gib_std
gpt-oss-20b,mlx,metal,1,int4,4096,100.0,839.0786308552015,1.2015186682524894,4.881554889027029,0.0069851028138978545,84.14049090045563,0.15831663680913824,1.188492638990283,0.00223650867262028,12.122121446,0.0
gpt-oss-20b,mlx,metal,1,int4,1024,100.0,838.0605950391692,1.0507181117216327,1.2218706106456618,0.0015332548101611183,88.49312703498937,0.07734380464064392,1.1300321250843506,0.000987780764034682,11.789498726,0.0
gpt-oss-20b,mlx,metal,1,int4,256,100.0,669.865457618481,1.147609960801615,0.382167416314284,0.000654592414842261,91.71562855430103,0.13862046354736407,1.0903292081008356,0.0016494831012965755,11.45564481,0.0
ornith-1.0-9b,mlx,metal,1,int4,4096,100.0,447.7603423640209,5.5225396381815175,9.149154208445301,0.11379234851811477,48.901636171394266,0.10122179226632166,2.044930111306409,0.004231296999478382,6.969107525999999,8.881784197001252e-16
ornith-1.0-9b,mlx,metal,1,int4,1024,100.0,444.16738596158757,2.229463357857089,2.3054951943146684,0.01156060931768021,49.871713457469404,0.014596016343743363,2.005144833276669,0.0005868655719315638,6.267704442,0.0
ornith-1.0-9b,mlx,metal,1,int4,256,100.0,412.5281692277675,1.5593321449767255,0.6205725694696108,0.0023509809846861255,50.234287534779696,0.009504679893667803,1.9906722775970895,0.00037669096046470744,5.662308568,0.0
ornith-1.0-9b,mlx,metal,1,int4,64,100.0,310.75837097725463,3.17012664817319,0.2059693195236226,0.002110425566344843,50.28062511394705,0.012340635088369028,1.9888377639775474,0.0004880636836928696,5.331729556,2.4657655890836033e-08
