name,framework,backend,batch_size,dtype,num_prompt_tokens,num_generated_tokens,prompt_tps,prompt_tps_std,prompt_time_sec,prompt_time_sec_std,generation_tps,generation_tps_std,generation_time_sec,generation_time_sec_std,peak_memory_gib,peak_memory_gib_std
qwen-3.6-27b,mlx,metal,1,int4,4096,100.0,124.56938521642633,1.473363144574546,32.88583962502889,0.3860747933610836,15.142792458767,0.014903413606179626,6.603808194631711,0.006503799517924867,18.545512843333334,2.0434438209256165e-05
qwen-3.6-27b,mlx,metal,1,int4,1024,100.0,126.15461838952056,1.5605326728297155,8.118276277983872,0.10127712329035739,15.52909991593072,0.04601552112991856,6.439579708656917,0.01905255473933307,17.017097288,0.0
qwen-3.6-27b,mlx,metal,1,int4,256,100.0,118.28744598506584,1.6019425754814047,2.164616638678126,0.029324320955696308,15.56907351642981,0.03190414526556496,6.423016777650143,0.013177242507355243,15.933868166000002,1.7763568394002505e-15
qwen-3.6-27b,mlx,metal,1,int4,64,100.0,94.00075331178039,0.9854447352209826,0.680920471980547,0.007141450055489634,15.445194672488293,0.05660955622559264,6.474592527685066,0.023706579549135517,15.502560496000001,7.741425881065139e-06
