name,framework,backend,batch_size,dtype,num_prompt_tokens,num_generated_tokens,prompt_tps,prompt_tps_std,prompt_time_sec,prompt_time_sec_std,generation_tps,generation_tps_std,generation_time_sec,generation_time_sec_std,peak_memory_gib,peak_memory_gib_std,optimization,optimization_detail
gemma-3-12b-it-qat,mlx,metal,1,int4,4096,100.0,265.2132952137899,5.897912603694011,15.451881389288852,0.34665765901521,31.055102967070695,0.12423703631042797,3.220134374840806,0.012915469104564798,9.332248214,0.0,,
gemma-3-12b-it-qat,mlx,metal,1,int4,1024,100.0,270.624120717376,3.2530595440608594,3.7843915138704083,0.04538213615764885,31.625777950346663,0.05545015567421054,3.161987264174968,0.005538283733109147,8.27909796,0.0,,
gemma-3-12b-it-qat,mlx,metal,1,int4,256,100.0,260.279976502726,2.7040124488565267,0.9836616942969462,0.010148903438069125,33.040280190680335,0.07929172599648775,3.026626125443727,0.007254445168550913,7.766339880666666,1.359738539145472e-08,,
gemma-3-12b-it-qat,mlx,metal,1,int4,64,100.0,207.69812816152577,1.13426446588359,0.3081486946903169,0.0016813504394305847,33.19355898217884,0.058180366566232065,3.0126419169828296,0.005279509276280998,7.422121478666667,1.8856182391808666e-09,,
qwen3-coder-30b-a3b,mlx,metal,1,int4,4096,100.0,758.6964375899533,3.6564220297041152,5.39885904158776,0.02601517368705412,70.04929014965462,0.36753695709982453,1.4276055277635653,0.00749272239153721,18.364256454,0.0,,
qwen3-coder-30b-a3b,mlx,metal,1,int4,1024,100.0,858.1736078160849,4.673296481281841,1.1932672775971394,0.006523169520612101,80.24702123633291,0.05580965773073477,1.2461527773799996,0.0008670565450418487,17.816787204,0.0,,
qwen3-coder-30b-a3b,mlx,metal,1,int4,256,100.0,672.7859003620997,11.742065323710914,0.3806247638228039,0.0067257727759871214,88.93085181376729,0.13569241025722226,1.124471778050065,0.0017175797480074857,17.474692111333333,5.108609552234916e-06,,
qwen3-coder-30b-a3b,mlx,metal,1,int4,64,100.0,286.4125872521513,0.18349382626330502,0.22345395805314183,0.00014309873511778523,90.65684112790949,0.07579811030490351,1.103061485880365,0.0009219198069591083,17.326972346,0.0,,
