name,framework,backend,batch_size,dtype,num_prompt_tokens,num_generated_tokens,prompt_tps,prompt_tps_std,prompt_time_sec,prompt_time_sec_std,generation_tps,generation_tps_std,generation_time_sec,generation_time_sec_std,peak_memory_gib,peak_memory_gib_std,optimization,optimization_detail
qwen-3-8B-it,mlx,metal,1,int4,4096,100.0,371.0588696055326,4.276980782880564,11.040139694853375,0.1266705867910635,44.07313382799115,1.7021788540400582,2.2722666529007256,0.08572863758609175,6.577612900000001,8.881784197001252e-16,speculative_decoding,mlx-community/Qwen3-0.6B-4bit
qwen-3-8B-it,mlx,metal,1,int4,1024,100.0,415.6022968935053,0.24961252171966558,2.463894875254482,0.0014801337776965094,51.6152489265205,1.064964264401256,1.9382279867616792,0.039552393595422626,5.780621448000001,8.881784197001252e-16,speculative_decoding,mlx-community/Qwen3-0.6B-4bit
qwen-3-8B-it,mlx,metal,1,int4,256,100.0,398.89270277985014,0.028263239811611045,0.6417765968168775,4.5470315719162656e-05,65.18884762310276,7.424279273257134,1.5541244718867044,0.17723670955468615,5.42762206,0.0,speculative_decoding,mlx-community/Qwen3-0.6B-4bit
qwen-3-8B-it,mlx,metal,1,int4,64,100.0,311.0260843424413,1.494137488820081,0.2057752637192607,0.0009868807924361441,71.44583985907606,0.6834259918544969,1.3997900001704693,0.013421166290656443,5.216840668,0.0,speculative_decoding,mlx-community/Qwen3-0.6B-4bit
qwen-3-14B-it,mlx,metal,1,int4,4096,100.0,218.2431620377307,0.22122960493515959,18.768075792118907,0.019012989126522533,40.01683877702902,0.4553474993465569,2.499273986245195,0.02864679569532031,10.317428824,0.0,speculative_decoding,mlx-community/Qwen3-0.6B-4bit
qwen-3-14B-it,mlx,metal,1,int4,1024,100.0,230.4184933308239,0.35483364404263956,4.444098263668518,0.006837370324467311,45.71314520987831,0.5786257804599891,2.1879020139264562,0.027448603130151322,9.38626876,0.0,speculative_decoding,mlx-community/Qwen3-0.6B-4bit
qwen-3-14B-it,mlx,metal,1,int4,256,100.0,221.72831823710462,0.10513275236436906,1.1545663611032069,0.0005473132595451881,46.68138770499589,0.4946859425504376,2.14242369417722,0.022865276073403284,9.054683248,0.0,speculative_decoding,mlx-community/Qwen3-0.6B-4bit
qwen-3-14B-it,mlx,metal,1,int4,64,100.0,181.2690082123457,0.1118794282178686,0.3530665556900203,0.0002179389136999591,44.3726443248724,0.5292266732374517,2.253958707985779,0.02665790172406232,8.857550016,0.0,speculative_decoding,mlx-community/Qwen3-0.6B-4bit
