name,framework,backend,batch_size,dtype,num_prompt_tokens,num_generated_tokens,prompt_tps,prompt_tps_std,prompt_time_sec,prompt_time_sec_std,generation_tps,generation_tps_std,generation_time_sec,generation_time_sec_std,peak_memory_gib,peak_memory_gib_std,optimization,optimization_detail
qwen-3-8B-it,mlx,metal,1,int4,4096,100.0,439.0116097439502,0.11385678151458851,9.330050013804188,0.0024201609935217507,46.33749859715133,0.1517156626636063,2.15810245834291,0.007050268763720419,5.962410035999999,8.881784197001252e-16,,
qwen-3-8B-it,mlx,metal,1,int4,1024,100.0,457.4727198032749,0.3559852250304972,2.2383861945321164,0.0017427204165379006,51.71396712690788,0.22166483873983345,1.933749000231425,0.008265771881656555,5.421250648,0.0,,
qwen-3-8B-it,mlx,metal,1,int4,256,100.0,434.4587872989063,0.07199271504307798,0.5892388749246796,9.763693830993112e-05,53.800446822478214,0.01327490258786284,1.8587207354915638,0.00045858351914589406,5.062880428,0.0,,
qwen-3-8B-it,mlx,metal,1,int4,64,100.0,351.20149237738366,0.08683508399107225,0.18223158301164707,4.5050725705922985e-05,54.367205383973236,0.07432707287433891,1.8393475692719221,0.002516863975969162,4.85209964,3.265986231342523e-09,,
qwen-3-14B-it,mlx,metal,1,int4,4096,100.0,222.3969724858279,1.807101496698393,18.41873948617528,0.15046160373162484,26.760309314622436,0.05124608631963444,3.7368912776000798,0.007151061900430207,9.700161576,0.0,,
qwen-3-14B-it,mlx,metal,1,int4,1024,100.0,239.4940372106686,1.8235622198566634,4.275929194719841,0.03265382321638482,28.625477892241648,0.02760713660362056,3.4933947077952325,0.003367856754856252,9.085585930666667,1.9955506131415896e-08,,
qwen-3-14B-it,mlx,metal,1,int4,256,100.0,226.82958611316704,0.9397587420494664,1.1286199446767569,0.004676677851373406,29.294012203629297,0.006929395573291431,3.413667096911619,0.0008075822417358914,8.689941616,0.0,,
qwen-3-14B-it,mlx,metal,1,int4,64,100.0,189.94125181509403,0.31131450270077804,0.3369471946110328,0.0005523035935658312,29.406880180153575,0.05206911958691166,3.40057541616261,0.006026734970610778,8.475802089333333,7.542472119340845e-09,,
