name,framework,backend,batch_size,dtype,num_prompt_tokens,num_generated_tokens,prompt_tps,prompt_tps_std,prompt_time_sec,prompt_time_sec_std,generation_tps,generation_tps_std,generation_time_sec,generation_time_sec_std,peak_memory_gib,peak_memory_gib_std
gemma-4-12b-it,mlx,metal,1,int4,4096,100.0,259.3538053630105,6.74087243671207,15.803719291618714,0.408725488192697,31.160542100707953,0.1534112762717614,3.209264430605496,0.015770761589236924,8.686993088,0.0
gemma-4-12b-it,mlx,metal,1,int4,1024,100.0,268.763871073701,2.6303606878113355,3.8103998472603657,0.03718700485599195,31.45473174103816,0.07895027579877034,3.17919195870248,0.00798243198912187,7.836151462,0.0
gemma-4-12b-it,mlx,metal,1,int4,256,100.0,258.6304775738617,1.300106655809786,0.9898542780429124,0.004987807148393008,32.753856292700654,0.05638817989877557,3.053084666685512,0.005256815926246333,7.259045778666667,1.0498677206822534e-08
gemma-4-12b-it,mlx,metal,1,int4,64,100.0,205.36950073598416,2.6129653399951405,0.3116843057020257,0.003999402502001768,32.9514363562719,0.07934340007781358,3.0347866663554064,0.007306116235329276,6.941236379333334,2.4729649036943515e-08
