name,framework,backend,batch_size,dtype,num_prompt_tokens,num_generated_tokens,prompt_tps,prompt_tps_std,prompt_time_sec,prompt_time_sec_std,generation_tps,generation_tps_std,generation_time_sec,generation_time_sec_std,peak_memory_gib,peak_memory_gib_std
qwen-3.6-35b-a3b,mlx,metal,1,int4,4096,100.0,963.0066010726324,0.5149114380781619,4.253346930646027,0.0022739137844209334,83.37011584305533,0.05176373480413552,1.1994710280171905,0.0007448493681641878,21.519642355333332,0.00014674634170427193
qwen-3.6-35b-a3b,mlx,metal,1,int4,1024,100.0,930.2529758509954,1.3811616832627867,1.100778263954756,0.0016332604492419684,86.3358529996313,0.05709550902625205,1.158267860650085,0.0007662824167459267,20.682148352,0.0
qwen-3.6-35b-a3b,mlx,metal,1,int4,256,100.0,680.8986850835059,6.285816571932886,0.3760059580284481,0.0034939621422415,87.8686292862382,0.041587883706137675,1.138062847002099,0.0005388028077300901,19.987191864,0.0
qwen-3.6-35b-a3b,mlx,metal,1,int4,64,100.0,357.4772634862649,1.1816392449886186,0.17903431970626116,0.0005912805984182992,88.03793631544943,0.11117624936102086,1.1358757777294766,0.0014335979868628733,19.695497813333333,7.723491669599254e-06
