name,framework,backend,batch_size,dtype,num_prompt_tokens,num_generated_tokens,prompt_tps,prompt_tps_std,prompt_time_sec,prompt_time_sec_std,generation_tps,generation_tps_std,generation_time_sec,generation_time_sec_std,peak_memory_gib,peak_memory_gib_std
phi-4-reasoning-plus,mlx,metal,1,int4,4096,100.0,218.8980290130337,2.3525680238954343,18.71405451364505,0.1996321826159837,23.679392306882107,0.09947018458322929,4.223155819345266,0.017728194064903686,11.684309464,0.0
phi-4-reasoning-plus,mlx,metal,1,int4,1024,100.0,239.46595279204794,1.9263618945927579,4.2764584726343555,0.03436725061361151,25.83780863469765,0.01518083471398758,3.8702985973407826,0.0022737374675653585,10.132305986666667,1.8856182391808666e-09
phi-4-reasoning-plus,mlx,metal,1,int4,256,100.0,228.65206523163792,0.8443842023323175,1.11962024999472,0.004124233103756521,26.612876575680563,0.0025660294883607603,3.757579555346941,0.00036232973451453784,9.75996046,5.6568547175426e-09
phi-4-reasoning-plus,mlx,metal,1,int8,4096,100.0,224.20706017572505,5.373823569558505,18.279432763966422,0.44253542682160935,15.064013613933197,0.022568762254975467,6.638351986262326,0.009956023931123579,18.097662424,0.0
phi-4-reasoning-plus,mlx,metal,1,int8,1024,100.0,242.8804759694616,1.518298447575526,4.216230708252017,0.026425288355122725,15.762367334433934,0.006934440191342716,6.344225916623448,0.0027904855510948326,16.545659968,0.0
phi-4-reasoning-plus,mlx,metal,1,int8,256,100.0,219.86662465379675,3.4067847472770723,1.164624569627146,0.018220693548896483,15.981493885698299,0.029036649837768057,6.257257986270512,0.011373524996342955,15.908449618666666,4.988876295478473e-09
