name,framework,backend,batch_size,dtype,num_prompt_tokens,num_generated_tokens,prompt_tps,prompt_tps_std,prompt_time_sec,prompt_time_sec_std,generation_tps,generation_tps_std,generation_time_sec,generation_time_sec_std,peak_memory_gib,peak_memory_gib_std
lfm2.5-8b-a1b,mlx,metal,1,int4,4096,100.0,2019.5975729164911,1.3995932655938117,2.028127791980902,0.0014048718277683786,160.2974404852899,0.6711124696358554,0.6238511944344888,0.0026071880187359016,5.83752044,0.0
lfm2.5-8b-a1b,mlx,metal,1,int4,1024,100.0,1934.4076266698132,0.7895094048897461,0.529361111111939,0.0002160801960709251,164.5628912437193,0.20702758737706234,0.6076713749983659,0.0007650950804991642,5.658376836666666,7.542472538032149e-09
lfm2.5-8b-a1b,mlx,metal,1,int4,256,100.0,1541.0353342556355,2.709166609873988,0.16612259725419184,0.00029240985953898397,168.56632784660857,0.65714650469079,0.5932473197268943,0.0023163710314362184,5.125210919333334,2.2438855204010492e-07
lfm2.5-8b-a1b,mlx,metal,1,int4,64,100.0,818.4729033745498,2.5374137209797234,0.07819515303708613,0.00024195361381030734,168.52971757536315,0.2757291873443599,0.5933687502983958,0.0009716269804356036,4.931462536666667,1.82596774926901e-06
