name,framework,backend,batch_size,dtype,num_prompt_tokens,num_generated_tokens,prompt_tps,prompt_tps_std,prompt_time_sec,prompt_time_sec_std,generation_tps,generation_tps_std,generation_time_sec,generation_time_sec_std,peak_memory_gib,peak_memory_gib_std
gemma-4-12b-it,mlx,metal,1,int4,4096,100.0,696.7468416612907,15.910863376748624,5.881850861245766,0.13582922673372944,17.963199228157027,0.31287258370140825,5.568645388664057,0.09808141218737915,8.686993088,0.0
gemma-4-12b-it,mlx,metal,1,int4,1024,100.0,659.2048109421926,27.880961455840957,1.5560923613763105,0.06397296524991837,19.2365708771882,0.13970699730695527,5.1987068753999965,0.037888695059687824,7.836151462,0.0
gemma-4-12b-it,mlx,metal,1,int4,256,100.0,456.0776672207762,3.600229707287223,0.5613427360076457,0.004412399794893739,19.78583321463836,0.15981040021253226,5.054452444271495,0.041005448924793575,7.258996644,2.4657655842808844e-08
gemma-4-12b-it,mlx,metal,1,int4,64,100.0,146.72334245396226,28.53632844168421,0.4561511806678027,0.1026377335300298,16.095297025352576,3.527145265901676,6.578886861214414,1.6742497778887608,6.941187223333333,1.0498677357220895e-08
